Residue_i	Residue_j	Distance
7	41	9.317
7	59	9.782
7	84	15.870
7	103	30.679
7	120	37.832
7	136	47.421
7	140	43.044
7	173	47.596
7	190	49.720
7	210	34.399
7	216	35.397
7	312	47.876
7	318	49.456
7	326	38.404
7	345	48.303
7	351	41.884
7	370	41.497
7	375	54.062
7	377	55.011
7	383	47.286
7	385	45.351
7	410	43.316
7	425	67.624
7	439	74.850
7	449	82.281
7	466	87.267
7	478	69.777
7	487	72.733
7	489	76.885
7	550	62.593
7	581	53.530
7	633	50.389
7	637	47.645
7	664	60.059
7	670	68.128
7	704	95.923
7	719	77.144
7	723	74.302
7	728	71.135
7	738	71.298
7	741	78.544
7	746	85.209
7	786	72.795
7	828	51.516
7	848	73.957
7	852	78.786
7	885	85.247
41	59	14.289
41	84	11.271
41	103	32.966
41	120	45.525
41	136	48.464
41	140	43.429
41	173	47.312
41	190	48.629
41	210	34.622
41	216	34.179
41	312	47.564
41	318	46.470
41	326	31.625
41	345	44.184
41	351	36.901
41	370	34.120
41	375	47.795
41	377	49.654
41	383	41.454
41	385	40.342
41	410	36.006
41	425	60.968
41	439	67.334
41	449	75.040
41	466	79.076
41	478	62.533
41	487	64.666
41	489	68.805
41	550	54.738
41	581	45.736
41	633	46.929
41	637	43.479
41	664	53.279
41	670	61.002
41	704	88.260
41	719	69.848
41	723	67.025
41	728	64.291
41	738	63.350
41	741	70.534
41	746	76.911
41	786	67.283
41	828	43.833
41	848	67.951
41	852	73.181
41	885	80.765
59	84	16.795
59	103	35.733
59	120	31.810
59	136	40.184
59	140	35.362
59	173	38.799
59	190	42.888
59	210	28.596
59	216	28.290
59	312	41.754
59	318	44.729
59	326	36.941
59	345	43.111
59	351	36.712
59	370	38.945
59	375	50.122
59	377	49.944
59	383	42.384
59	385	39.530
59	410	40.167
59	425	63.723
59	439	71.717
59	449	80.087
59	466	86.896
59	478	68.463
59	487	71.100
59	489	75.568
59	550	59.733
59	581	50.773
59	633	48.029
59	637	46.245
59	664	58.665
59	670	66.195
59	704	97.446
59	719	78.501
59	723	75.018
59	728	70.858
59	738	72.056
59	741	79.344
59	746	86.432
59	786	76.849
59	828	52.480
59	848	75.839
59	852	80.578
59	885	84.676
84	103	44.058
84	120	47.216
84	136	39.747
84	140	35.146
84	173	47.475
84	190	52.052
84	210	40.039
84	216	37.015
84	312	52.406
84	318	51.288
84	326	35.928
84	345	47.137
84	351	38.320
84	370	35.204
84	375	49.317
84	377	50.864
84	383	41.641
84	385	40.134
84	410	35.758
84	425	61.811
84	439	67.351
84	449	77.473
84	466	81.521
84	478	66.074
84	487	65.791
84	489	70.393
84	550	53.710
84	581	44.997
84	633	53.856
84	637	50.713
84	664	57.575
84	670	64.021
84	704	93.174
84	719	75.433
84	723	72.275
84	728	69.481
84	738	67.454
84	741	74.475
84	746	80.436
84	786	75.832
84	828	48.865
84	848	75.454
84	852	81.009
84	885	88.237
103	120	50.273
103	136	75.835
103	140	70.789
103	173	59.651
103	190	53.265
103	210	37.763
103	216	45.006
103	312	47.911
103	318	49.187
103	326	43.682
103	345	53.264
103	351	52.040
103	370	52.207
103	375	60.795
103	377	62.360
103	383	58.369
103	385	57.784
103	410	55.937
103	425	73.526
103	439	81.606
103	449	82.413
103	466	86.758
103	478	68.649
103	487	77.102
103	489	79.644
103	550	73.030
103	581	64.815
103	633	43.337
103	637	40.590
103	664	58.697
103	670	68.616
103	704	87.934
103	719	69.234
103	723	67.769
103	728	65.244
103	738	68.423
103	741	75.091
103	746	82.089
103	786	55.650
103	828	50.384
103	848	60.349
103	852	63.381
103	885	70.272
120	136	46.592
120	140	44.614
120	173	43.287
120	190	49.882
120	210	38.996
120	216	41.622
120	312	47.423
120	318	58.201
120	326	62.293
120	345	59.574
120	351	56.998
120	370	64.863
120	375	71.214
120	377	68.252
120	383	63.498
120	385	59.002
120	410	65.687
120	425	84.160
120	439	94.255
120	449	101.745
120	466	112.068
120	478	91.442
120	487	95.900
120	489	100.321
120	550	84.394
120	581	76.158
120	633	63.796
120	637	64.705
120	664	81.271
120	670	88.663
120	704	122.427
120	719	103.040
120	723	99.152
120	728	93.423
120	738	97.974
120	741	105.163
120	746	113.106
120	786	99.854
120	828	79.000
120	848	97.935
120	852	101.391
120	885	100.155
136	140	7.137
136	173	45.079
136	190	59.470
136	210	55.003
136	216	48.330
136	312	62.730
136	318	66.394
136	326	61.734
136	345	60.649
136	351	52.904
136	370	56.873
136	375	64.621
136	377	62.249
136	383	54.644
136	385	50.438
136	410	54.657
136	425	74.408
136	439	80.555
136	449	94.896
136	466	103.528
136	478	87.765
136	487	84.621
136	489	90.046
136	550	68.434
136	581	62.062
136	633	75.507
136	637	75.151
136	664	80.401
136	670	83.924
136	704	121.029
136	719	104.041
136	723	99.443
136	728	94.456
136	738	94.390
136	741	100.940
136	746	107.226
136	786	110.514
136	828	78.223
136	848	105.799
136	852	110.995
136	885	112.075
140	173	38.981
140	190	52.951
140	210	48.661
140	216	41.616
140	312	56.337
140	318	59.451
140	326	54.791
140	345	53.575
140	351	45.767
140	370	49.948
140	375	57.567
140	377	55.227
140	383	47.581
140	385	43.356
140	410	47.772
140	425	67.580
140	439	73.995
140	449	88.025
140	466	96.838
140	478	80.758
140	487	77.951
140	489	83.354
140	550	61.933
140	581	55.387
140	633	68.553
140	637	68.192
140	664	73.320
140	670	76.920
140	704	114.197
140	719	97.130
140	723	92.481
140	728	87.396
140	738	87.570
140	741	94.146
140	746	100.574
140	786	103.938
140	828	71.419
140	848	98.863
140	852	104.028
140	885	104.986
173	190	16.242
173	210	22.668
173	216	15.983
173	312	21.264
173	318	27.475
173	326	39.115
173	345	25.087
173	351	25.247
173	370	38.126
173	375	36.311
173	377	30.683
173	383	29.533
173	385	24.403
173	410	37.449
173	425	46.184
173	439	56.973
173	449	65.560
173	466	79.373
173	478	59.168
173	487	62.053
173	489	66.556
173	550	50.559
173	581	44.875
173	633	39.543
173	637	42.271
173	664	51.066
173	670	55.099
173	704	94.757
173	719	77.217
173	723	71.877
173	728	64.407
173	738	70.417
173	741	76.702
173	746	84.833
173	786	85.451
173	828	56.083
173	848	76.332
173	852	79.932
173	885	74.175
190	210	16.798
190	216	15.157
190	312	7.431
190	318	13.519
190	326	33.110
190	345	16.449
190	351	22.579
190	370	35.460
190	375	30.620
190	377	25.491
190	383	27.835
190	385	24.695
190	410	36.307
190	425	40.450
190	439	52.263
190	449	56.612
190	466	70.874
190	478	49.423
190	487	55.809
190	489	59.457
190	550	48.273
190	581	42.962
190	633	25.328
190	637	29.381
190	664	40.873
190	670	45.976
190	704	83.505
190	719	65.826
190	723	60.649
190	728	52.746
190	738	60.975
190	741	67.056
190	746	75.641
190	786	73.122
190	828	47.663
190	848	63.206
190	852	66.098
190	885	58.785
210	216	9.927
210	312	13.507
210	318	19.715
210	326	28.585
210	345	22.832
210	351	23.840
210	370	33.449
210	375	35.778
210	377	33.323
210	383	31.205
210	385	28.208
210	410	35.426
210	425	48.581
210	439	59.421
210	449	63.949
210	466	75.101
210	478	53.641
210	487	60.312
210	489	64.099
210	550	52.212
210	581	44.741
210	633	25.399
210	637	26.947
210	664	43.476
210	670	51.038
210	704	85.276
210	719	66.208
210	723	61.842
210	728	55.310
210	738	61.670
210	741	68.538
210	746	76.972
210	786	67.877
210	828	44.542
210	848	61.893
210	852	65.318
210	885	62.771
216	312	16.571
216	318	19.391
216	326	25.866
216	345	18.077
216	351	16.600
216	370	27.772
216	375	30.011
216	377	26.912
216	383	23.597
216	385	19.665
216	410	28.710
216	425	42.786
216	439	53.369
216	449	60.318
216	466	71.842
216	478	50.998
216	487	55.482
216	489	59.781
216	550	45.375
216	581	38.007
216	633	28.335
216	637	29.565
216	664	41.447
216	670	47.733
216	704	84.695
216	719	66.107
216	723	61.294
216	728	54.623
216	738	59.909
216	741	66.731
216	746	74.947
216	786	71.307
216	828	43.321
216	848	64.086
216	852	68.042
216	885	65.652
312	318	14.259
312	326	34.019
312	345	20.376
312	351	26.461
312	370	38.258
312	375	34.815
312	377	30.673
312	383	32.565
312	385	29.822
312	410	39.834
312	425	45.238
312	439	57.002
312	449	59.818
312	466	73.396
312	478	51.545
312	487	59.359
312	489	62.711
312	550	52.903
312	581	47.102
312	633	23.006
312	637	27.264
312	664	42.375
312	670	48.649
312	704	83.990
312	719	65.840
312	723	61.038
312	728	53.368
312	738	62.095
312	741	68.303
312	746	77.016
312	786	70.341
312	828	47.998
312	848	61.525
312	852	64.093
312	885	56.999
318	326	23.871
318	345	9.717
318	351	18.576
318	370	28.274
318	375	22.409
318	377	19.686
318	383	23.251
318	385	22.755
318	410	30.251
318	425	32.575
318	439	44.070
318	449	46.014
318	466	59.149
318	478	37.291
318	487	45.527
318	489	48.657
318	550	40.856
318	581	35.754
318	633	12.946
318	637	16.864
318	664	28.227
318	670	34.449
318	704	70.328
318	719	52.428
318	723	47.365
318	728	39.580
318	738	48.174
318	741	54.256
318	746	62.950
318	786	60.298
318	828	35.519
318	848	49.804
318	852	52.884
318	885	47.202
326	345	19.932
326	351	15.687
326	370	10.119
326	375	18.863
326	377	22.932
326	383	18.127
326	385	20.719
326	410	14.456
326	425	31.428
326	439	38.685
326	449	43.924
326	466	50.485
326	478	31.602
326	487	35.895
326	489	39.724
326	550	29.509
326	581	21.619
326	633	23.248
326	637	19.368
326	664	22.059
326	670	29.733
326	704	62.040
326	719	43.498
326	723	39.216
326	728	34.640
326	738	36.194
326	741	43.389
326	746	51.078
326	786	50.851
326	828	18.121
326	848	44.096
326	852	49.419
326	885	53.914
345	351	10.234
345	370	21.023
345	375	14.485
345	377	11.045
345	383	13.769
345	385	13.454
345	410	22.036
345	425	25.982
345	439	37.311
345	449	42.659
345	466	55.595
345	478	34.548
345	487	39.824
345	489	43.707
345	550	32.568
345	581	27.315
345	633	19.740
345	637	21.468
345	664	26.072
345	670	30.888
345	704	69.703
345	719	52.243
345	723	46.832
345	728	39.334
345	738	45.830
345	741	52.008
345	746	60.361
345	786	63.109
345	828	33.224
345	848	52.317
345	852	56.194
345	885	52.311
351	370	13.504
351	375	14.431
351	377	13.258
351	383	7.436
351	385	6.227
351	410	13.766
351	425	27.714
351	439	37.373
351	449	45.946
351	466	56.730
351	478	37.121
351	487	39.430
351	489	44.038
351	550	28.814
351	581	21.696
351	633	26.379
351	637	26.052
351	664	28.707
351	670	33.443
351	704	71.986
351	719	54.413
351	723	49.222
351	728	42.851
351	738	46.393
351	741	52.970
351	746	60.803
351	786	64.895
351	828	31.812
351	848	55.771
351	852	60.448
351	885	59.781
370	375	15.371
370	377	19.728
370	383	12.193
370	385	15.659
370	410	4.431
370	425	27.202
370	439	33.358
370	449	42.546
370	466	49.276
370	478	32.234
370	487	32.280
370	489	36.997
370	550	21.853
370	581	13.047
370	633	31.008
370	637	28.104
370	664	24.720
370	670	29.411
370	704	64.402
370	719	47.249
370	723	42.588
370	728	38.131
370	738	37.823
370	741	44.601
370	746	51.656
370	786	58.399
370	828	22.640
370	848	50.671
370	852	56.227
370	885	60.209
375	377	7.121
375	383	9.994
375	385	14.741
375	410	15.290
375	425	13.831
375	439	23.689
375	449	31.700
375	466	43.321
375	478	24.342
375	487	26.031
375	489	30.443
375	550	18.494
375	581	14.904
375	633	27.263
375	637	26.702
375	664	18.368
375	670	20.042
375	704	60.402
375	719	44.435
375	723	38.774
375	728	32.140
375	738	35.709
375	741	41.472
375	746	49.168
375	786	60.450
375	828	26.617
375	848	48.579
375	852	53.223
375	885	52.147
377	383	9.835
377	385	12.272
377	410	19.081
377	425	16.103
377	439	27.272
377	449	35.439
377	466	48.857
377	478	29.703
377	487	31.706
377	489	36.000
377	550	23.368
377	581	20.229
377	633	27.674
377	637	28.534
377	664	23.834
377	670	25.176
377	704	66.111
377	719	50.283
377	723	44.514
377	728	37.232
377	738	42.190
377	741	47.730
377	746	55.520
377	786	65.746
377	828	33.034
377	848	53.517
377	852	57.721
377	885	54.221
383	385	5.456
383	410	10.615
383	425	21.976
383	439	30.851
383	449	41.317
383	466	52.058
383	478	33.836
383	487	33.868
383	489	38.782
383	550	21.969
383	581	15.654
383	633	30.594
383	637	30.032
383	664	27.021
383	670	29.729
383	704	69.261
383	719	52.751
383	723	47.354
383	728	41.179
383	738	43.638
383	741	49.812
383	746	57.247
383	786	66.243
383	828	31.365
383	848	56.123
383	852	60.993
383	885	60.535
385	410	14.058
385	425	26.292
385	439	35.556
385	449	46.133
385	466	57.419
385	478	38.882
385	487	39.209
385	489	44.122
385	550	26.800
385	581	20.490
385	633	31.737
385	637	31.761
385	664	31.679
385	670	34.739
385	704	74.440
385	719	57.659
385	723	52.278
385	728	45.876
385	738	48.862
385	741	55.111
385	746	62.631
385	786	69.984
385	828	35.759
385	848	60.232
385	852	64.950
385	885	63.679
410	425	26.228
410	439	31.975
410	449	42.893
410	466	49.970
410	478	33.761
410	487	32.100
410	489	37.135
410	550	19.647
410	581	10.737
410	633	34.309
410	637	31.856
410	664	27.148
410	670	30.535
410	704	66.497
410	719	49.973
410	723	45.171
410	728	40.651
410	738	39.965
410	741	46.460
410	746	53.242
410	786	62.382
410	828	26.190
410	848	54.231
410	852	59.782
410	885	63.206
425	439	11.983
425	449	21.261
425	466	35.264
425	478	20.442
425	487	18.577
425	489	22.365
425	550	16.264
425	581	19.857
425	633	36.542
425	637	36.528
425	664	21.011
425	670	15.540
425	704	55.535
425	719	43.028
425	723	37.166
425	728	30.743
425	738	34.039
425	741	37.812
425	746	44.577
425	786	64.488
425	828	33.032
425	848	50.242
425	852	54.382
425	885	51.545
439	449	17.957
439	466	27.995
439	478	21.561
439	487	11.728
439	489	15.186
439	550	14.602
439	581	22.446
439	633	46.602
439	637	45.680
439	664	26.499
439	670	18.128
439	704	51.265
439	719	42.090
439	723	36.813
439	728	32.623
439	738	31.940
439	741	34.049
439	746	38.953
439	786	66.569
439	828	36.161
439	848	52.507
439	852	56.864
439	885	56.464
449	466	18.345
449	478	14.273
449	487	16.015
449	489	13.397
449	550	29.696
449	581	35.191
449	633	44.630
449	637	43.960
449	664	23.788
449	670	14.304
449	704	37.637
449	719	30.732
449	723	25.788
449	728	21.735
449	738	24.974
449	741	24.687
449	746	29.990
449	786	57.288
449	828	36.083
449	848	41.066
449	852	44.087
449	885	42.066
466	478	21.956
466	487	19.314
466	489	13.936
466	550	35.966
466	581	41.468
466	633	55.308
466	637	52.871
466	664	31.955
466	670	24.900
466	704	24.915
466	719	24.561
466	723	22.510
466	728	25.163
466	738	19.066
466	741	14.291
466	746	14.314
466	786	52.538
466	828	37.181
466	848	39.239
466	852	42.773
466	885	48.698
478	487	14.921
478	489	14.500
478	550	26.166
478	581	28.208
478	633	33.713
478	637	31.754
478	664	10.595
478	670	4.978
478	704	36.472
478	719	22.662
478	723	16.774
478	728	11.130
478	738	15.503
478	741	19.190
478	746	27.277
478	786	46.049
478	828	22.153
478	848	31.094
478	852	35.395
478	885	37.503
487	489	5.482
487	550	16.843
487	581	22.815
487	633	44.929
487	637	42.722
487	664	21.590
487	670	13.855
487	704	41.447
487	719	31.897
487	723	27.124
487	728	24.941
487	738	20.915
487	741	23.060
487	746	27.990
487	786	56.666
487	828	28.281
487	848	43.591
487	852	48.402
487	885	51.988
489	550	22.303
489	581	28.151
489	633	47.042
489	637	44.835
489	664	23.216
489	670	14.965
489	704	36.644
489	719	28.872
489	723	24.465
489	728	23.258
489	738	18.826
489	741	19.394
489	746	23.771
489	786	55.098
489	828	30.124
489	848	41.543
489	852	46.027
489	885	49.898
550	581	9.068
550	633	44.089
550	637	42.126
550	664	26.313
550	670	22.656
550	704	57.359
550	719	45.109
550	723	40.067
550	728	36.396
550	738	33.437
550	741	37.729
550	746	43.010
550	786	65.481
550	828	30.499
550	848	54.241
550	852	59.579
550	885	62.309
581	633	39.066
581	637	36.678
581	664	24.876
581	670	24.824
581	704	60.439
581	719	45.909
581	723	40.958
581	728	36.988
581	738	34.674
581	741	40.258
581	746	46.327
581	786	62.753
581	828	26.273
581	848	52.994
581	852	58.581
581	885	62.125
633	637	6.055
633	664	24.113
633	670	32.536
633	704	62.244
633	719	43.728
633	723	39.452
633	728	32.425
633	738	41.846
633	741	47.897
633	746	56.647
633	786	48.156
633	828	29.373
633	848	38.532
633	852	41.336
633	885	37.824
637	664	21.658
637	670	31.037
637	704	59.251
637	719	40.210
637	723	36.206
637	728	30.000
637	738	38.049
637	741	44.445
637	746	53.066
637	786	43.763
637	828	24.137
637	848	35.205
637	852	38.681
637	885	38.580
664	670	10.032
664	704	43.767
664	719	26.637
664	723	21.024
664	728	14.236
664	738	20.267
664	741	26.191
664	746	34.791
664	786	43.854
664	828	15.885
664	848	30.575
664	852	35.292
664	885	37.441
670	704	41.242
670	719	27.566
670	723	21.661
670	728	15.457
670	738	19.744
670	741	23.689
670	746	31.488
670	786	50.030
670	828	23.209
670	848	35.288
670	852	39.561
670	885	40.063
704	719	19.508
704	723	23.478
704	728	30.765
704	738	26.668
704	741	20.271
704	746	16.537
704	786	39.804
704	828	45.080
704	848	30.201
704	852	31.271
704	885	43.415
719	723	5.981
719	728	14.400
719	738	12.400
719	741	11.688
719	746	17.269
719	786	28.322
719	828	26.741
719	848	15.356
719	852	19.705
719	885	33.860
723	728	8.779
723	738	9.427
723	741	10.803
723	746	18.635
723	786	31.893
723	828	23.441
723	848	17.385
723	852	21.982
723	885	32.624
728	738	13.898
728	741	17.130
728	746	25.666
728	786	36.269
728	828	22.012
728	848	20.238
728	852	24.275
728	885	28.983
738	741	7.307
738	746	15.327
738	786	36.596
738	828	19.891
738	848	25.081
738	852	30.467
738	885	41.497
741	746	8.800
741	786	38.605
741	828	27.169
741	848	26.777
741	852	31.263
741	885	42.291
746	786	42.131
746	828	34.494
746	848	32.393
746	852	36.311
746	885	48.643
786	828	36.712
786	848	17.843
786	852	19.354
786	885	40.629
828	848	29.661
828	852	35.792
828	885	45.836
848	852	6.451
848	885	26.026
852	885	22.502
